[
  {
    "type": "get",
    "url": "/api/auth/cate/get",
    "title": "权限查询",
    "description": "<p>权限查询</p>",
    "name": "Get",
    "group": "Auth",
    "header": {
      "fields": {
        "Header": [
          {
            "group": "Header",
            "type": "string",
            "optional": false,
            "field": "token",
            "description": "<p>token</p>"
          },
          {
            "group": "Header",
            "type": "string",
            "optional": false,
            "field": "uid",
            "description": "<p>用户ID</p>"
          }
        ]
      }
    },
    "version": "1.0.0",
    "sampleRequest": [
      {
        "url": "http://localhost:3000/api/auth/cate/get"
      }
    ],
    "filename": "pub/bll/authorityCategory.js",
    "groupTitle": "Auth"
  },
  {
    "type": "post",
    "url": "/api/auth/add",
    "title": "添加权限",
    "description": "<p>添加权限</p>",
    "name": "Add",
    "group": "Auth___",
    "header": {
      "fields": {
        "Header": [
          {
            "group": "Header",
            "type": "string",
            "optional": false,
            "field": "token",
            "description": "<p>token</p>"
          },
          {
            "group": "Header",
            "type": "string",
            "optional": false,
            "field": "uid",
            "description": "<p>用户ID</p>"
          }
        ]
      }
    },
    "parameter": {
      "fields": {
        "Parameter": [
          {
            "group": "Parameter",
            "type": "string",
            "optional": false,
            "field": "name",
            "description": "<p>权限名称</p>"
          },
          {
            "group": "Parameter",
            "type": "string",
            "optional": false,
            "field": "apiUrl",
            "description": "<p>权限接口</p>"
          },
          {
            "group": "Parameter",
            "type": "int",
            "optional": false,
            "field": "cateId",
            "description": "<p>分类ID</p>"
          }
        ]
      }
    },
    "version": "1.0.0",
    "sampleRequest": [
      {
        "url": "http://localhost:3000/api/auth/add"
      }
    ],
    "filename": "pub/bll/authority.js",
    "groupTitle": "Auth___"
  },
  {
    "type": "post",
    "url": "/api/auth/del",
    "title": "删除权限",
    "description": "<p>删除权限</p>",
    "name": "authDelete",
    "group": "Auth___",
    "header": {
      "fields": {
        "Header": [
          {
            "group": "Header",
            "type": "string",
            "optional": false,
            "field": "token",
            "description": "<p>token</p>"
          },
          {
            "group": "Header",
            "type": "string",
            "optional": false,
            "field": "uid",
            "description": "<p>用户ID</p>"
          }
        ]
      }
    },
    "parameter": {
      "fields": {
        "Parameter": [
          {
            "group": "Parameter",
            "type": "string",
            "optional": false,
            "field": "ids",
            "description": "<p>pk_id</p>"
          }
        ]
      }
    },
    "version": "1.0.0",
    "sampleRequest": [
      {
        "url": "http://localhost:3000/api/auth/del"
      }
    ],
    "filename": "pub/bll/authority.js",
    "groupTitle": "Auth___"
  },
  {
    "type": "post",
    "url": "/api/auth/update",
    "title": "修改权限",
    "description": "<p>修改权限</p>",
    "name": "authUpdate",
    "group": "Auth___",
    "header": {
      "fields": {
        "Header": [
          {
            "group": "Header",
            "type": "string",
            "optional": false,
            "field": "token",
            "description": "<p>token</p>"
          },
          {
            "group": "Header",
            "type": "string",
            "optional": false,
            "field": "uid",
            "description": "<p>用户ID</p>"
          }
        ]
      }
    },
    "parameter": {
      "fields": {
        "Parameter": [
          {
            "group": "Parameter",
            "type": "string",
            "optional": false,
            "field": "name",
            "description": "<p>权限名称</p>"
          },
          {
            "group": "Parameter",
            "type": "string",
            "optional": false,
            "field": "apiUrl",
            "description": "<p>权限接口</p>"
          },
          {
            "group": "Parameter",
            "type": "int",
            "optional": false,
            "field": "cateId",
            "description": "<p>分类ID</p>"
          },
          {
            "group": "Parameter",
            "type": "int",
            "optional": false,
            "field": "pkId",
            "description": "<p>pkId</p>"
          }
        ]
      }
    },
    "version": "1.0.0",
    "sampleRequest": [
      {
        "url": "http://localhost:3000/api/auth/update"
      }
    ],
    "filename": "pub/bll/authority.js",
    "groupTitle": "Auth___"
  },
  {
    "type": "post",
    "url": "/api/auth/cate/add",
    "title": "添加权限分类",
    "description": "<p>添加权限分类</p>",
    "name": "cateAdd",
    "group": "Auth___",
    "header": {
      "fields": {
        "Header": [
          {
            "group": "Header",
            "type": "string",
            "optional": false,
            "field": "token",
            "description": "<p>token</p>"
          },
          {
            "group": "Header",
            "type": "string",
            "optional": false,
            "field": "uid",
            "description": "<p>用户ID</p>"
          }
        ]
      }
    },
    "parameter": {
      "fields": {
        "Parameter": [
          {
            "group": "Parameter",
            "type": "string",
            "optional": false,
            "field": "cateName",
            "description": "<p>分类名称</p>"
          },
          {
            "group": "Parameter",
            "type": "string",
            "optional": false,
            "field": "remarks",
            "description": "<p>备注</p>"
          },
          {
            "group": "Parameter",
            "type": "int",
            "optional": false,
            "field": "sort",
            "description": "<p>序号</p>"
          },
          {
            "group": "Parameter",
            "type": "int",
            "optional": false,
            "field": "isShow",
            "description": "<p>是否显示 0不显示  1显示</p>"
          }
        ]
      }
    },
    "version": "1.0.0",
    "sampleRequest": [
      {
        "url": "http://localhost:3000/api/auth/cate/add"
      }
    ],
    "filename": "pub/bll/authorityCategory.js",
    "groupTitle": "Auth___"
  },
  {
    "type": "post",
    "url": "/api/auth/cate/del",
    "title": "权限分类 删除",
    "description": "<p>权限分类 删除</p>",
    "name": "del",
    "group": "Auth___",
    "header": {
      "fields": {
        "Header": [
          {
            "group": "Header",
            "type": "string",
            "optional": false,
            "field": "token",
            "description": "<p>token</p>"
          },
          {
            "group": "Header",
            "type": "string",
            "optional": false,
            "field": "uid",
            "description": "<p>用户ID</p>"
          }
        ]
      }
    },
    "parameter": {
      "fields": {
        "Parameter": [
          {
            "group": "Parameter",
            "type": "string",
            "optional": false,
            "field": "ids",
            "description": "<p>pk_id</p>"
          }
        ]
      }
    },
    "version": "1.0.0",
    "sampleRequest": [
      {
        "url": "http://localhost:3000/api/auth/cate/del"
      }
    ],
    "filename": "pub/bll/authorityCategory.js",
    "groupTitle": "Auth___"
  },
  {
    "type": "post",
    "url": "/api/auth/cate/update/onShow",
    "title": "权限分类 显示",
    "description": "<p>权限分类 显示</p>",
    "name": "onShow",
    "group": "Auth___",
    "header": {
      "fields": {
        "Header": [
          {
            "group": "Header",
            "type": "string",
            "optional": false,
            "field": "token",
            "description": "<p>token</p>"
          },
          {
            "group": "Header",
            "type": "string",
            "optional": false,
            "field": "uid",
            "description": "<p>用户ID</p>"
          }
        ]
      }
    },
    "parameter": {
      "fields": {
        "Parameter": [
          {
            "group": "Parameter",
            "type": "string",
            "optional": false,
            "field": "ids",
            "description": "<p>pk_id</p>"
          }
        ]
      }
    },
    "version": "1.0.0",
    "sampleRequest": [
      {
        "url": "http://localhost:3000/api/auth/cate/update/onShow"
      }
    ],
    "filename": "pub/bll/authorityCategory.js",
    "groupTitle": "Auth___"
  },
  {
    "type": "post",
    "url": "/api/auth/cate/update/sort",
    "title": "权限分类 排序",
    "description": "<p>权限分类 排序</p>",
    "name": "sort",
    "group": "Auth___",
    "header": {
      "fields": {
        "Header": [
          {
            "group": "Header",
            "type": "string",
            "optional": false,
            "field": "token",
            "description": "<p>token</p>"
          },
          {
            "group": "Header",
            "type": "string",
            "optional": false,
            "field": "uid",
            "description": "<p>用户ID</p>"
          }
        ]
      }
    },
    "parameter": {
      "fields": {
        "Parameter": [
          {
            "group": "Parameter",
            "type": "string",
            "optional": false,
            "field": "sort",
            "description": "<p>序号</p>"
          },
          {
            "group": "Parameter",
            "type": "string",
            "optional": false,
            "field": "pkId",
            "description": "<p>pk_id</p>"
          }
        ]
      }
    },
    "version": "1.0.0",
    "sampleRequest": [
      {
        "url": "http://localhost:3000/api/auth/cate/update/sort"
      }
    ],
    "filename": "pub/bll/authorityCategory.js",
    "groupTitle": "Auth___"
  },
  {
    "type": "post",
    "url": "/api/auth/cate/update/unShow",
    "title": "权限分类 不显示",
    "description": "<p>权限分类 不显示</p>",
    "name": "unShow",
    "group": "Auth___",
    "header": {
      "fields": {
        "Header": [
          {
            "group": "Header",
            "type": "string",
            "optional": false,
            "field": "token",
            "description": "<p>token</p>"
          },
          {
            "group": "Header",
            "type": "string",
            "optional": false,
            "field": "uid",
            "description": "<p>用户ID</p>"
          }
        ]
      }
    },
    "parameter": {
      "fields": {
        "Parameter": [
          {
            "group": "Parameter",
            "type": "string",
            "optional": false,
            "field": "ids",
            "description": "<p>pk_id</p>"
          }
        ]
      }
    },
    "version": "1.0.0",
    "sampleRequest": [
      {
        "url": "http://localhost:3000/api/auth/cate/update/unShow"
      }
    ],
    "filename": "pub/bll/authorityCategory.js",
    "groupTitle": "Auth___"
  },
  {
    "type": "post",
    "url": "/api/auth/cate/update",
    "title": "修改权限分类",
    "description": "<p>修改权限分类</p>",
    "name": "update",
    "group": "Auth___",
    "header": {
      "fields": {
        "Header": [
          {
            "group": "Header",
            "type": "string",
            "optional": false,
            "field": "token",
            "description": "<p>token</p>"
          },
          {
            "group": "Header",
            "type": "string",
            "optional": false,
            "field": "uid",
            "description": "<p>用户ID</p>"
          }
        ]
      }
    },
    "parameter": {
      "fields": {
        "Parameter": [
          {
            "group": "Parameter",
            "type": "string",
            "optional": false,
            "field": "pkId",
            "description": "<p>pk_id</p>"
          },
          {
            "group": "Parameter",
            "type": "string",
            "optional": false,
            "field": "cateName",
            "description": "<p>分类名称</p>"
          },
          {
            "group": "Parameter",
            "type": "string",
            "optional": false,
            "field": "remarks",
            "description": "<p>备注</p>"
          }
        ]
      }
    },
    "version": "1.0.0",
    "sampleRequest": [
      {
        "url": "http://localhost:3000/api/auth/cate/update"
      }
    ],
    "filename": "pub/bll/authorityCategory.js",
    "groupTitle": "Auth___"
  },
  {
    "type": "post",
    "url": "/api/secret/encrypt",
    "title": "加密",
    "description": "<p>加密</p>",
    "name": "Encrypt",
    "group": "Secret",
    "parameter": {
      "fields": {
        "Parameter": [
          {
            "group": "Parameter",
            "type": "string",
            "optional": false,
            "field": "str",
            "description": "<p>输入文本</p>"
          }
        ]
      }
    },
    "version": "1.0.0",
    "success": {
      "examples": [
        {
          "title": "Success-Response:",
          "content": "{\n    \"success\" : \"true\",\n    \"result\" : {\n        \"name\" : \"loginName\",\n        \"password\" : \"loginPass\"\n    }\n}",
          "type": "json"
        }
      ]
    },
    "sampleRequest": [
      {
        "url": "http://localhost:3000/api/secret/encrypt"
      }
    ],
    "filename": "pub/bll/secret.js",
    "groupTitle": "Secret"
  },
  {
    "type": "post",
    "url": "/api/user/get",
    "title": "用户查询",
    "description": "<p>用户查询</p>",
    "name": "Get",
    "group": "User",
    "header": {
      "fields": {
        "Header": [
          {
            "group": "Header",
            "type": "string",
            "optional": false,
            "field": "token",
            "description": "<p>token</p>"
          },
          {
            "group": "Header",
            "type": "string",
            "optional": false,
            "field": "uid",
            "description": "<p>用户ID</p>"
          }
        ]
      }
    },
    "parameter": {
      "fields": {
        "Parameter": [
          {
            "group": "Parameter",
            "type": "string",
            "optional": false,
            "field": "fields",
            "description": "<p>查询字段 例('name,id') 传空代表查询所有</p>"
          },
          {
            "group": "Parameter",
            "type": "string",
            "optional": false,
            "field": "wheres",
            "description": "<p>查询条件 例('name=0 and id=3')</p>"
          },
          {
            "group": "Parameter",
            "type": "string",
            "optional": false,
            "field": "sorts",
            "description": "<p>查询排序 例('name desc, id asc')</p>"
          },
          {
            "group": "Parameter",
            "type": "int",
            "optional": false,
            "field": "pageIndex",
            "description": "<p>页码</p>"
          },
          {
            "group": "Parameter",
            "type": "int",
            "optional": false,
            "field": "pageSize",
            "description": "<p>每页条数</p>"
          }
        ]
      }
    },
    "version": "1.0.0",
    "sampleRequest": [
      {
        "url": "http://localhost:3000/api/user/get"
      }
    ],
    "filename": "pub/bll/user.js",
    "groupTitle": "User"
  },
  {
    "type": "post",
    "url": "/api/user/login",
    "title": "用户登录",
    "description": "<p>用户登录</p>",
    "name": "Login",
    "group": "User",
    "parameter": {
      "fields": {
        "Parameter": [
          {
            "group": "Parameter",
            "type": "string",
            "optional": false,
            "field": "username",
            "description": "<p>用户名 4到16位，只能输入字母、数字、下划线、减号</p>"
          },
          {
            "group": "Parameter",
            "type": "string",
            "optional": false,
            "field": "password",
            "description": "<p>密码 8位以上密码，必须包含字母和数字</p>"
          }
        ]
      }
    },
    "version": "1.0.0",
    "sampleRequest": [
      {
        "url": "http://localhost:3000/api/user/login"
      }
    ],
    "filename": "pub/bll/user.js",
    "groupTitle": "User"
  },
  {
    "type": "post",
    "url": "/api/user/register",
    "title": "用户注册",
    "description": "<p>用户注册</p>",
    "name": "Register",
    "group": "User",
    "parameter": {
      "fields": {
        "Parameter": [
          {
            "group": "Parameter",
            "type": "string",
            "optional": false,
            "field": "username",
            "description": "<p>用户名 4到16位，只能输入字母、数字、下划线、减号</p>"
          },
          {
            "group": "Parameter",
            "type": "string",
            "optional": false,
            "field": "password",
            "description": "<p>密码 8位以上密码，必须包含字母和数字</p>"
          },
          {
            "group": "Parameter",
            "type": "string",
            "optional": false,
            "field": "checkPwd",
            "description": "<p>确认密码</p>"
          },
          {
            "group": "Parameter",
            "type": "int",
            "optional": false,
            "field": "dtype",
            "description": "<p>用户类型</p>"
          },
          {
            "group": "Parameter",
            "type": "string",
            "optional": false,
            "field": "dcity",
            "description": "<p>区域</p>"
          },
          {
            "group": "Parameter",
            "type": "string",
            "optional": false,
            "field": "phone",
            "description": ""
          }
        ]
      }
    },
    "version": "1.0.0",
    "sampleRequest": [
      {
        "url": "http://localhost:3000/api/user/register"
      }
    ],
    "filename": "pub/bll/user.js",
    "groupTitle": "User"
  },
  {
    "type": "post",
    "url": "/api/user/state/available",
    "title": "启用用户",
    "description": "<p>启用用户</p>",
    "name": "available",
    "group": "User",
    "header": {
      "fields": {
        "Header": [
          {
            "group": "Header",
            "type": "string",
            "optional": false,
            "field": "token",
            "description": "<p>token</p>"
          },
          {
            "group": "Header",
            "type": "string",
            "optional": false,
            "field": "uid",
            "description": "<p>用户ID</p>"
          }
        ]
      }
    },
    "parameter": {
      "fields": {
        "Parameter": [
          {
            "group": "Parameter",
            "type": "string",
            "optional": false,
            "field": "ids",
            "description": "<p>用户ID</p>"
          }
        ]
      }
    },
    "version": "1.0.0",
    "sampleRequest": [
      {
        "url": "http://localhost:3000/api/user/state/available"
      }
    ],
    "filename": "pub/bll/user.js",
    "groupTitle": "User"
  },
  {
    "type": "post",
    "url": "/api/user/state/disable",
    "title": "禁用用户",
    "description": "<p>禁用用户</p>",
    "name": "disable",
    "group": "User",
    "header": {
      "fields": {
        "Header": [
          {
            "group": "Header",
            "type": "string",
            "optional": false,
            "field": "token",
            "description": "<p>token</p>"
          },
          {
            "group": "Header",
            "type": "string",
            "optional": false,
            "field": "uid",
            "description": "<p>用户ID</p>"
          }
        ]
      }
    },
    "parameter": {
      "fields": {
        "Parameter": [
          {
            "group": "Parameter",
            "type": "string",
            "optional": false,
            "field": "ids",
            "description": "<p>用户ID</p>"
          }
        ]
      }
    },
    "version": "1.0.0",
    "sampleRequest": [
      {
        "url": "http://localhost:3000/api/user/state/disable"
      }
    ],
    "filename": "pub/bll/user.js",
    "groupTitle": "User"
  },
  {
    "type": "get",
    "url": "/api/user/info",
    "title": "查询用户信息(个人)",
    "description": "<p>查询用户信息(个人)</p>",
    "name": "info",
    "group": "User",
    "header": {
      "fields": {
        "Header": [
          {
            "group": "Header",
            "type": "string",
            "optional": false,
            "field": "token",
            "description": "<p>token</p>"
          },
          {
            "group": "Header",
            "type": "string",
            "optional": false,
            "field": "uid",
            "description": "<p>用户ID</p>"
          }
        ]
      }
    },
    "version": "1.0.0",
    "sampleRequest": [
      {
        "url": "http://localhost:3000/api/user/info"
      }
    ],
    "filename": "pub/bll/user.js",
    "groupTitle": "User"
  },
  {
    "type": "post",
    "url": "/api/user/update",
    "title": "更新用户个人信息",
    "description": "<p>更新用户个人信息</p>",
    "name": "update",
    "group": "User",
    "header": {
      "fields": {
        "Header": [
          {
            "group": "Header",
            "type": "string",
            "optional": false,
            "field": "token",
            "description": "<p>token</p>"
          },
          {
            "group": "Header",
            "type": "string",
            "optional": false,
            "field": "uid",
            "description": "<p>用户ID</p>"
          }
        ]
      }
    },
    "parameter": {
      "fields": {
        "Parameter": [
          {
            "group": "Parameter",
            "type": "string",
            "optional": false,
            "field": "nickName",
            "description": "<p>昵称</p>"
          },
          {
            "group": "Parameter",
            "type": "string",
            "optional": false,
            "field": "avatarUrl",
            "description": "<p>头像</p>"
          }
        ]
      }
    },
    "version": "1.0.0",
    "sampleRequest": [
      {
        "url": "http://localhost:3000/api/user/update"
      }
    ],
    "filename": "pub/bll/user.js",
    "groupTitle": "User"
  },
  {
    "type": "post",
    "url": "/api/user/update/pwd",
    "title": "修改密码",
    "description": "<p>修改密码</p>",
    "name": "updatePwd",
    "group": "User",
    "header": {
      "fields": {
        "Header": [
          {
            "group": "Header",
            "type": "string",
            "optional": false,
            "field": "token",
            "description": "<p>token</p>"
          },
          {
            "group": "Header",
            "type": "string",
            "optional": false,
            "field": "uid",
            "description": "<p>用户ID</p>"
          }
        ]
      }
    },
    "parameter": {
      "fields": {
        "Parameter": [
          {
            "group": "Parameter",
            "type": "string",
            "optional": false,
            "field": "oldPwd",
            "description": "<p>旧密码</p>"
          },
          {
            "group": "Parameter",
            "type": "string",
            "optional": false,
            "field": "newPwd",
            "description": "<p>新密码</p>"
          },
          {
            "group": "Parameter",
            "type": "string",
            "optional": false,
            "field": "confirmPwd",
            "description": "<p>确认密码</p>"
          }
        ]
      }
    },
    "version": "1.0.0",
    "sampleRequest": [
      {
        "url": "http://localhost:3000/api/user/update/pwd"
      }
    ],
    "filename": "pub/bll/user.js",
    "groupTitle": "User"
  },
  {
    "type": "post",
    "url": "/api/area/add",
    "title": "添加地区",
    "description": "<p>添加地区</p>",
    "name": "Add",
    "group": "area",
    "header": {
      "fields": {
        "Header": [
          {
            "group": "Header",
            "type": "string",
            "optional": false,
            "field": "token",
            "description": "<p>token</p>"
          },
          {
            "group": "Header",
            "type": "string",
            "optional": false,
            "field": "uid",
            "description": "<p>用户ID</p>"
          }
        ]
      }
    },
    "parameter": {
      "fields": {
        "Parameter": [
          {
            "group": "Parameter",
            "type": "string",
            "optional": false,
            "field": "dtype",
            "description": "<p>类型</p>"
          },
          {
            "group": "Parameter",
            "type": "string",
            "optional": false,
            "field": "name",
            "description": "<p>地区名</p>"
          },
          {
            "group": "Parameter",
            "type": "double",
            "optional": false,
            "field": "agent_get",
            "description": "<p>代理抽点</p>"
          },
          {
            "group": "Parameter",
            "type": "double",
            "optional": false,
            "field": "p_get",
            "description": "<p>平台抽点</p>"
          },
          {
            "group": "Parameter",
            "type": "int",
            "optional": false,
            "field": "sort",
            "description": "<p>序号</p>"
          }
        ]
      }
    },
    "version": "1.0.0",
    "sampleRequest": [
      {
        "url": "http://localhost:3000/api/area/add"
      }
    ],
    "filename": "pub/bll/area.js",
    "groupTitle": "area"
  },
  {
    "type": "post",
    "url": "/api/area/get",
    "title": "地区查询",
    "description": "<p>地区查询</p>",
    "name": "Get",
    "group": "area",
    "header": {
      "fields": {
        "Header": [
          {
            "group": "Header",
            "type": "string",
            "optional": false,
            "field": "token",
            "description": "<p>token</p>"
          },
          {
            "group": "Header",
            "type": "string",
            "optional": false,
            "field": "uid",
            "description": "<p>用户ID</p>"
          }
        ]
      }
    },
    "parameter": {
      "fields": {
        "Parameter": [
          {
            "group": "Parameter",
            "type": "string",
            "optional": false,
            "field": "fields",
            "description": "<p>查询字段 例('name,id') 传空代表查询所有</p>"
          },
          {
            "group": "Parameter",
            "type": "string",
            "optional": false,
            "field": "wheres",
            "description": "<p>查询条件 例('name=0 and id=3')</p>"
          },
          {
            "group": "Parameter",
            "type": "string",
            "optional": false,
            "field": "sorts",
            "description": "<p>查询排序 例('name desc, id asc')</p>"
          },
          {
            "group": "Parameter",
            "type": "int",
            "optional": false,
            "field": "pageIndex",
            "description": "<p>页码</p>"
          },
          {
            "group": "Parameter",
            "type": "int",
            "optional": false,
            "field": "pageSize",
            "description": "<p>每页条数</p>"
          }
        ]
      }
    },
    "version": "1.0.0",
    "sampleRequest": [
      {
        "url": "http://localhost:3000/api/area/get"
      }
    ],
    "filename": "pub/bll/helplist.js",
    "groupTitle": "area"
  },
  {
    "type": "post",
    "url": "/api/area/get",
    "title": "地区查询",
    "description": "<p>地区查询</p>",
    "name": "Get",
    "group": "area",
    "header": {
      "fields": {
        "Header": [
          {
            "group": "Header",
            "type": "string",
            "optional": false,
            "field": "token",
            "description": "<p>token</p>"
          },
          {
            "group": "Header",
            "type": "string",
            "optional": false,
            "field": "uid",
            "description": "<p>用户ID</p>"
          }
        ]
      }
    },
    "parameter": {
      "fields": {
        "Parameter": [
          {
            "group": "Parameter",
            "type": "string",
            "optional": false,
            "field": "fields",
            "description": "<p>查询字段 例('name,id') 传空代表查询所有</p>"
          },
          {
            "group": "Parameter",
            "type": "string",
            "optional": false,
            "field": "wheres",
            "description": "<p>查询条件 例('name=0 and id=3')</p>"
          },
          {
            "group": "Parameter",
            "type": "string",
            "optional": false,
            "field": "sorts",
            "description": "<p>查询排序 例('name desc, id asc')</p>"
          },
          {
            "group": "Parameter",
            "type": "int",
            "optional": false,
            "field": "pageIndex",
            "description": "<p>页码</p>"
          },
          {
            "group": "Parameter",
            "type": "int",
            "optional": false,
            "field": "pageSize",
            "description": "<p>每页条数</p>"
          }
        ]
      }
    },
    "version": "1.0.0",
    "sampleRequest": [
      {
        "url": "http://localhost:3000/api/area/get"
      }
    ],
    "filename": "pub/bll/area.js",
    "groupTitle": "area"
  },
  {
    "type": "post",
    "url": "/api/area/del",
    "title": "地区删除",
    "description": "<p>地区删除</p>",
    "name": "del",
    "group": "area",
    "header": {
      "fields": {
        "Header": [
          {
            "group": "Header",
            "type": "string",
            "optional": false,
            "field": "token",
            "description": "<p>token</p>"
          },
          {
            "group": "Header",
            "type": "string",
            "optional": false,
            "field": "uid",
            "description": "<p>用户ID</p>"
          }
        ]
      }
    },
    "parameter": {
      "fields": {
        "Parameter": [
          {
            "group": "Parameter",
            "type": "int",
            "optional": false,
            "field": "ids",
            "description": "<p>pkId</p>"
          }
        ]
      }
    },
    "version": "1.0.0",
    "sampleRequest": [
      {
        "url": "http://localhost:3000/api/area/del"
      }
    ],
    "filename": "pub/bll/helplist.js",
    "groupTitle": "area"
  },
  {
    "type": "post",
    "url": "/api/area/del",
    "title": "地区删除",
    "description": "<p>地区删除</p>",
    "name": "del",
    "group": "area",
    "header": {
      "fields": {
        "Header": [
          {
            "group": "Header",
            "type": "string",
            "optional": false,
            "field": "token",
            "description": "<p>token</p>"
          },
          {
            "group": "Header",
            "type": "string",
            "optional": false,
            "field": "uid",
            "description": "<p>用户ID</p>"
          }
        ]
      }
    },
    "parameter": {
      "fields": {
        "Parameter": [
          {
            "group": "Parameter",
            "type": "int",
            "optional": false,
            "field": "ids",
            "description": "<p>pkId</p>"
          }
        ]
      }
    },
    "version": "1.0.0",
    "sampleRequest": [
      {
        "url": "http://localhost:3000/api/area/del"
      }
    ],
    "filename": "pub/bll/area.js",
    "groupTitle": "area"
  },
  {
    "type": "post",
    "url": "/api/area/update",
    "title": "地区修改",
    "description": "<p>地区修改</p>",
    "name": "update",
    "group": "area",
    "header": {
      "fields": {
        "Header": [
          {
            "group": "Header",
            "type": "string",
            "optional": false,
            "field": "token",
            "description": "<p>token</p>"
          },
          {
            "group": "Header",
            "type": "string",
            "optional": false,
            "field": "uid",
            "description": "<p>用户ID</p>"
          }
        ]
      }
    },
    "parameter": {
      "fields": {
        "Parameter": [
          {
            "group": "Parameter",
            "type": "string",
            "optional": false,
            "field": "dtype",
            "description": "<p>类型</p>"
          },
          {
            "group": "Parameter",
            "type": "string",
            "optional": false,
            "field": "name",
            "description": "<p>地区名</p>"
          },
          {
            "group": "Parameter",
            "type": "double",
            "optional": false,
            "field": "agent_get",
            "description": "<p>代理抽点</p>"
          },
          {
            "group": "Parameter",
            "type": "double",
            "optional": false,
            "field": "p_get",
            "description": "<p>平台抽点</p>"
          },
          {
            "group": "Parameter",
            "type": "int",
            "optional": false,
            "field": "sort",
            "description": "<p>序号</p>"
          },
          {
            "group": "Parameter",
            "type": "int",
            "optional": false,
            "field": "pkId",
            "description": "<p>pkId</p>"
          }
        ]
      }
    },
    "version": "1.0.0",
    "sampleRequest": [
      {
        "url": "http://localhost:3000/api/area/update"
      }
    ],
    "filename": "pub/bll/helplist.js",
    "groupTitle": "area"
  },
  {
    "type": "post",
    "url": "/api/area/update",
    "title": "地区修改",
    "description": "<p>地区修改</p>",
    "name": "update",
    "group": "area",
    "header": {
      "fields": {
        "Header": [
          {
            "group": "Header",
            "type": "string",
            "optional": false,
            "field": "token",
            "description": "<p>token</p>"
          },
          {
            "group": "Header",
            "type": "string",
            "optional": false,
            "field": "uid",
            "description": "<p>用户ID</p>"
          }
        ]
      }
    },
    "parameter": {
      "fields": {
        "Parameter": [
          {
            "group": "Parameter",
            "type": "string",
            "optional": false,
            "field": "dtype",
            "description": "<p>类型</p>"
          },
          {
            "group": "Parameter",
            "type": "string",
            "optional": false,
            "field": "name",
            "description": "<p>地区名</p>"
          },
          {
            "group": "Parameter",
            "type": "double",
            "optional": false,
            "field": "agent_get",
            "description": "<p>代理抽点</p>"
          },
          {
            "group": "Parameter",
            "type": "double",
            "optional": false,
            "field": "p_get",
            "description": "<p>平台抽点</p>"
          },
          {
            "group": "Parameter",
            "type": "int",
            "optional": false,
            "field": "sort",
            "description": "<p>序号</p>"
          },
          {
            "group": "Parameter",
            "type": "int",
            "optional": false,
            "field": "pkId",
            "description": "<p>pkId</p>"
          }
        ]
      }
    },
    "version": "1.0.0",
    "sampleRequest": [
      {
        "url": "http://localhost:3000/api/area/update"
      }
    ],
    "filename": "pub/bll/area.js",
    "groupTitle": "area"
  },
  {
    "type": "post",
    "url": "/api/help/add",
    "title": "添加帮助",
    "description": "<p>添加帮助</p>",
    "name": "Add",
    "group": "help",
    "parameter": {
      "fields": {
        "Parameter": [
          {
            "group": "Parameter",
            "type": "string",
            "optional": false,
            "field": "wx_id",
            "description": "<p>用户ID</p>"
          },
          {
            "group": "Parameter",
            "type": "string",
            "optional": false,
            "field": "title",
            "description": "<p>标题</p>"
          },
          {
            "group": "Parameter",
            "type": "string",
            "optional": false,
            "field": "des",
            "description": "<p>描述</p>"
          },
          {
            "group": "Parameter",
            "type": "string",
            "optional": false,
            "field": "lnglat",
            "description": "<p>经纬度</p>"
          },
          {
            "group": "Parameter",
            "type": "string",
            "optional": false,
            "field": "address",
            "description": "<p>地址</p>"
          },
          {
            "group": "Parameter",
            "type": "string",
            "optional": false,
            "field": "phone",
            "description": "<p>手机号</p>"
          },
          {
            "group": "Parameter",
            "type": "string",
            "optional": false,
            "field": "pubarea",
            "description": "<p>发布地区</p>"
          }
        ]
      }
    },
    "version": "1.0.0",
    "sampleRequest": [
      {
        "url": "http://localhost:3000/api/help/add"
      }
    ],
    "filename": "pub/bll/helplist.js",
    "groupTitle": "help"
  },
  {
    "type": "post",
    "url": "/api/role/add",
    "title": "添加角色",
    "description": "<p>添加角色</p>",
    "name": "Add",
    "group": "role___",
    "header": {
      "fields": {
        "Header": [
          {
            "group": "Header",
            "type": "string",
            "optional": false,
            "field": "token",
            "description": "<p>token</p>"
          },
          {
            "group": "Header",
            "type": "string",
            "optional": false,
            "field": "uid",
            "description": "<p>用户ID</p>"
          }
        ]
      }
    },
    "parameter": {
      "fields": {
        "Parameter": [
          {
            "group": "Parameter",
            "type": "string",
            "optional": false,
            "field": "name",
            "description": "<p>角色名称</p>"
          },
          {
            "group": "Parameter",
            "type": "string",
            "optional": false,
            "field": "remarks",
            "description": "<p>备注</p>"
          },
          {
            "group": "Parameter",
            "type": "int",
            "optional": false,
            "field": "sort",
            "description": "<p>序号</p>"
          }
        ]
      }
    },
    "version": "1.0.0",
    "sampleRequest": [
      {
        "url": "http://localhost:3000/api/role/add"
      }
    ],
    "filename": "pub/bll/roles.js",
    "groupTitle": "role___"
  },
  {
    "type": "post",
    "url": "/api/role/avaliable",
    "title": "角色启用",
    "description": "<p>角色启用</p>",
    "name": "avaliable",
    "group": "role___",
    "header": {
      "fields": {
        "Header": [
          {
            "group": "Header",
            "type": "string",
            "optional": false,
            "field": "token",
            "description": "<p>token</p>"
          },
          {
            "group": "Header",
            "type": "string",
            "optional": false,
            "field": "uid",
            "description": "<p>用户ID</p>"
          }
        ]
      }
    },
    "parameter": {
      "fields": {
        "Parameter": [
          {
            "group": "Parameter",
            "type": "int",
            "optional": false,
            "field": "ids",
            "description": "<p>pkId</p>"
          }
        ]
      }
    },
    "version": "1.0.0",
    "sampleRequest": [
      {
        "url": "http://localhost:3000/api/role/avaliable"
      }
    ],
    "filename": "pub/bll/roles.js",
    "groupTitle": "role___"
  },
  {
    "type": "post",
    "url": "/api/role/checked",
    "title": "角色可选",
    "description": "<p>角色可选</p>",
    "name": "checked",
    "group": "role___",
    "header": {
      "fields": {
        "Header": [
          {
            "group": "Header",
            "type": "string",
            "optional": false,
            "field": "token",
            "description": "<p>token</p>"
          },
          {
            "group": "Header",
            "type": "string",
            "optional": false,
            "field": "uid",
            "description": "<p>用户ID</p>"
          }
        ]
      }
    },
    "parameter": {
      "fields": {
        "Parameter": [
          {
            "group": "Parameter",
            "type": "int",
            "optional": false,
            "field": "ids",
            "description": "<p>pkId</p>"
          }
        ]
      }
    },
    "version": "1.0.0",
    "sampleRequest": [
      {
        "url": "http://localhost:3000/api/role/checked"
      }
    ],
    "filename": "pub/bll/roles.js",
    "groupTitle": "role___"
  },
  {
    "type": "post",
    "url": "/api/role/disable",
    "title": "角色禁用",
    "description": "<p>角色禁用</p>",
    "name": "disable",
    "group": "role___",
    "header": {
      "fields": {
        "Header": [
          {
            "group": "Header",
            "type": "string",
            "optional": false,
            "field": "token",
            "description": "<p>token</p>"
          },
          {
            "group": "Header",
            "type": "string",
            "optional": false,
            "field": "uid",
            "description": "<p>用户ID</p>"
          }
        ]
      }
    },
    "parameter": {
      "fields": {
        "Parameter": [
          {
            "group": "Parameter",
            "type": "int",
            "optional": false,
            "field": "ids",
            "description": "<p>pkId</p>"
          }
        ]
      }
    },
    "version": "1.0.0",
    "sampleRequest": [
      {
        "url": "http://localhost:3000/api/role/disable"
      }
    ],
    "filename": "pub/bll/roles.js",
    "groupTitle": "role___"
  },
  {
    "type": "post",
    "url": "/api/role/grant",
    "title": "给角色赋予权限",
    "description": "<p>给角色赋予权限</p>",
    "name": "grant",
    "group": "role___",
    "header": {
      "fields": {
        "Header": [
          {
            "group": "Header",
            "type": "string",
            "optional": false,
            "field": "token",
            "description": "<p>token</p>"
          },
          {
            "group": "Header",
            "type": "string",
            "optional": false,
            "field": "uid",
            "description": "<p>用户ID</p>"
          }
        ]
      }
    },
    "parameter": {
      "fields": {
        "Parameter": [
          {
            "group": "Parameter",
            "type": "int",
            "optional": false,
            "field": "roleId",
            "description": "<p>角色ID</p>"
          },
          {
            "group": "Parameter",
            "type": "string",
            "optional": false,
            "field": "authIds",
            "description": "<p>权限ID</p>"
          }
        ]
      }
    },
    "version": "1.0.0",
    "sampleRequest": [
      {
        "url": "http://localhost:3000/api/role/grant"
      }
    ],
    "filename": "pub/bll/roles.js",
    "groupTitle": "role___"
  },
  {
    "type": "post",
    "url": "/api/role/del",
    "title": "角色删除",
    "description": "<p>角色删除</p>",
    "name": "roledel",
    "group": "role___",
    "header": {
      "fields": {
        "Header": [
          {
            "group": "Header",
            "type": "string",
            "optional": false,
            "field": "token",
            "description": "<p>token</p>"
          },
          {
            "group": "Header",
            "type": "string",
            "optional": false,
            "field": "uid",
            "description": "<p>用户ID</p>"
          }
        ]
      }
    },
    "parameter": {
      "fields": {
        "Parameter": [
          {
            "group": "Parameter",
            "type": "int",
            "optional": false,
            "field": "ids",
            "description": "<p>pkId</p>"
          }
        ]
      }
    },
    "version": "1.0.0",
    "sampleRequest": [
      {
        "url": "http://localhost:3000/api/role/del"
      }
    ],
    "filename": "pub/bll/roles.js",
    "groupTitle": "role___"
  },
  {
    "type": "post",
    "url": "/api/role/update",
    "title": "角色修改",
    "description": "<p>修改角色</p>",
    "name": "roleupdate",
    "group": "role___",
    "header": {
      "fields": {
        "Header": [
          {
            "group": "Header",
            "type": "string",
            "optional": false,
            "field": "token",
            "description": "<p>token</p>"
          },
          {
            "group": "Header",
            "type": "string",
            "optional": false,
            "field": "uid",
            "description": "<p>用户ID</p>"
          }
        ]
      }
    },
    "parameter": {
      "fields": {
        "Parameter": [
          {
            "group": "Parameter",
            "type": "string",
            "optional": false,
            "field": "name",
            "description": "<p>角色名称</p>"
          },
          {
            "group": "Parameter",
            "type": "string",
            "optional": false,
            "field": "remarks",
            "description": "<p>备注</p>"
          },
          {
            "group": "Parameter",
            "type": "int",
            "optional": false,
            "field": "sort",
            "description": "<p>序号</p>"
          },
          {
            "group": "Parameter",
            "type": "int",
            "optional": false,
            "field": "pkId",
            "description": "<p>pkId</p>"
          }
        ]
      }
    },
    "version": "1.0.0",
    "sampleRequest": [
      {
        "url": "http://localhost:3000/api/role/update"
      }
    ],
    "filename": "pub/bll/roles.js",
    "groupTitle": "role___"
  },
  {
    "type": "post",
    "url": "/api/role/unchecked",
    "title": "角色不可选",
    "description": "<p>角色不可选</p>",
    "name": "unchecked",
    "group": "role___",
    "header": {
      "fields": {
        "Header": [
          {
            "group": "Header",
            "type": "string",
            "optional": false,
            "field": "token",
            "description": "<p>token</p>"
          },
          {
            "group": "Header",
            "type": "string",
            "optional": false,
            "field": "uid",
            "description": "<p>用户ID</p>"
          }
        ]
      }
    },
    "parameter": {
      "fields": {
        "Parameter": [
          {
            "group": "Parameter",
            "type": "int",
            "optional": false,
            "field": "ids",
            "description": "<p>pkId</p>"
          }
        ]
      }
    },
    "version": "1.0.0",
    "sampleRequest": [
      {
        "url": "http://localhost:3000/api/role/unchecked"
      }
    ],
    "filename": "pub/bll/roles.js",
    "groupTitle": "role___"
  },
  {
    "type": "post",
    "url": "/api/role/ungrant",
    "title": "给角色取消权限",
    "description": "<p>给角色取消权限</p>",
    "name": "ungrant",
    "group": "role___",
    "header": {
      "fields": {
        "Header": [
          {
            "group": "Header",
            "type": "string",
            "optional": false,
            "field": "token",
            "description": "<p>token</p>"
          },
          {
            "group": "Header",
            "type": "string",
            "optional": false,
            "field": "uid",
            "description": "<p>用户ID</p>"
          }
        ]
      }
    },
    "parameter": {
      "fields": {
        "Parameter": [
          {
            "group": "Parameter",
            "type": "string",
            "optional": false,
            "field": "ids",
            "description": "<p>pk_id</p>"
          }
        ]
      }
    },
    "version": "1.0.0",
    "sampleRequest": [
      {
        "url": "http://localhost:3000/api/role/ungrant"
      }
    ],
    "filename": "pub/bll/roles.js",
    "groupTitle": "role___"
  },
  {
    "type": "post",
    "url": "/api/wx/user/get",
    "title": "微信用户查询",
    "description": "<p>微信用户查询</p>",
    "name": "Get",
    "group": "wxuser",
    "header": {
      "fields": {
        "Header": [
          {
            "group": "Header",
            "type": "string",
            "optional": false,
            "field": "token",
            "description": "<p>token</p>"
          },
          {
            "group": "Header",
            "type": "string",
            "optional": false,
            "field": "uid",
            "description": "<p>用户ID</p>"
          }
        ]
      }
    },
    "parameter": {
      "fields": {
        "Parameter": [
          {
            "group": "Parameter",
            "type": "string",
            "optional": false,
            "field": "fields",
            "description": "<p>查询字段 例('name,id') 传空代表查询所有</p>"
          },
          {
            "group": "Parameter",
            "type": "string",
            "optional": false,
            "field": "wheres",
            "description": "<p>查询条件 例('name=0 and id=3')</p>"
          },
          {
            "group": "Parameter",
            "type": "string",
            "optional": false,
            "field": "sorts",
            "description": "<p>查询排序 例('name desc, id asc')</p>"
          },
          {
            "group": "Parameter",
            "type": "int",
            "optional": false,
            "field": "pageIndex",
            "description": "<p>页码</p>"
          },
          {
            "group": "Parameter",
            "type": "int",
            "optional": false,
            "field": "pageSize",
            "description": "<p>每页条数</p>"
          }
        ]
      }
    },
    "version": "1.0.0",
    "sampleRequest": [
      {
        "url": "http://localhost:3000/api/wx/user/get"
      }
    ],
    "filename": "pub/bll/wxuser.js",
    "groupTitle": "wxuser"
  },
  {
    "type": "post",
    "url": "/api/wx/user/login",
    "title": "微信用户登录",
    "description": "<p>微信用户登录</p>",
    "name": "login",
    "group": "wxuser",
    "parameter": {
      "fields": {
        "Parameter": [
          {
            "group": "Parameter",
            "type": "string",
            "optional": false,
            "field": "js_code",
            "description": "<p>code</p>"
          }
        ]
      }
    },
    "version": "1.0.0",
    "sampleRequest": [
      {
        "url": "http://localhost:3000/api/wx/user/login"
      }
    ],
    "filename": "pub/bll/wxuser.js",
    "groupTitle": "wxuser"
  },
  {
    "type": "post",
    "url": "/api/wx/user/update",
    "title": "微信用户修改",
    "description": "<p>微信用户修改</p>",
    "name": "update",
    "group": "wxuser",
    "header": {
      "fields": {
        "Header": [
          {
            "group": "Header",
            "type": "string",
            "optional": false,
            "field": "openid",
            "description": ""
          }
        ]
      }
    },
    "parameter": {
      "fields": {
        "Parameter": [
          {
            "group": "Parameter",
            "type": "string",
            "optional": false,
            "field": "nick_name",
            "description": "<p>昵称</p>"
          },
          {
            "group": "Parameter",
            "type": "string",
            "optional": false,
            "field": "avatar_url",
            "description": "<p>头像</p>"
          },
          {
            "group": "Parameter",
            "type": "string",
            "optional": false,
            "field": "gender",
            "description": "<p>性别</p>"
          },
          {
            "group": "Parameter",
            "type": "string",
            "optional": false,
            "field": "province",
            "description": "<p>省</p>"
          },
          {
            "group": "Parameter",
            "type": "string",
            "optional": false,
            "field": "city",
            "description": "<p>市</p>"
          },
          {
            "group": "Parameter",
            "type": "string",
            "optional": false,
            "field": "phone",
            "description": "<p>手机号</p>"
          }
        ]
      }
    },
    "version": "1.0.0",
    "sampleRequest": [
      {
        "url": "http://localhost:3000/api/wx/user/update"
      }
    ],
    "filename": "pub/bll/wxuser.js",
    "groupTitle": "wxuser"
  }
]
